<?xml version="1.0" encoding="UTF-8"?>
<project-private xmlns="http://www.netbeans.org/ns/project-private/1">
    <editor-bookmarks xmlns="http://www.netbeans.org/ns/editor-bookmarks/2" lastBookmarkId="0"/>
    <open-files xmlns="http://www.netbeans.org/ns/projectui-open-files/2">
        <group name="CarPrj_Pro192"/>
        <group>
            <file>file:/E:/JAVA%20IN%20CLASS/Carprj/src/CarPrj/Classes/CarManager.java</file>
            <file>file:/E:/JAVA%20IN%20CLASS/Carprj/src/CarPrj/Classes/Com/BrandList.java</file>
            <file>file:/E:/JAVA%20IN%20CLASS/Carprj/src/CarPrj/Classes/Com/Menu.java</file>
        </group>
        <group name="Project-java">
            <file>file:/D:/Project-java/Carprj/src/CarPrj/Classes/Com/CarList.java</file>
            <file>file:/D:/Project-java/Carprj/src/CarPrj/Classes/Com/Brand.java</file>
            <file>file:/D:/Project-java/Carprj/src/CarPrj/Classes/Com/Car.java</file>
            <file>file:/D:/Project-java/Carprj/src/CarPrj/Cars.txt</file>
            <file>file:/D:/Project-java/Carprj/src/CarPrj/Classes/Com/BrandList.java</file>
            <file>file:/D:/Project-java/Carprj/src/CarPrj/Brands.txt</file>
            <file>file:/D:/Project-java/Carprj/src/CarPrj/Classes/Com/Menu.java</file>
            <file>file:/D:/Project-java/Carprj/src/CarPrj/Classes/CarManager.java</file>
        </group>
    </open-files>
</project-private>
